epoch,acc,iou_score,loss,score,score_1,score_2,val_acc,val_iou_score,val_loss,val_score,val_score_1,val_score_2
0,0.9515606741110484,0.7866336241364479,0.1734537919362386,0.8729340811570485,0.8729340811570485,0.8729333236813546,0.9692204263475206,0.8750204907523261,0.10139632473389308,0.9328694807158576,0.9328694807158576,0.9328690833515592
1,0.9836361875136693,0.9235851575930913,0.05537100111444791,0.9601129045089086,0.9601129045089086,0.9601126750310262,0.9740565949016147,0.9145553972986009,0.07992443607913123,0.9548758665720621,0.9548758665720621,0.9548756082852682
2,0.9868055502573649,0.945449102918307,0.04113377034664154,0.9718574752410253,0.9718574752410253,0.9718573103348415,0.9776187804010179,0.9314411878585815,0.06709929928183556,0.9640968044598898,0.9640968044598898,0.9640965925322639
3,0.9885271986325582,0.9554028819004695,0.03448899254823724,0.9771190931399664,0.9771190931399664,0.9771189560492833,0.9799464212523566,0.94125011894438,0.05866286779443423,0.9693838225470649,0.9693838225470649,0.9693836437331306
4,0.9893809586763382,0.9608092794815699,0.030875679136564336,0.9799472550551097,0.9799472550551097,0.9799471457799276,0.9820063842667474,0.9477637741300795,0.05108224559161398,0.972878893216451,0.972878893216451,0.9728787541389465
5,0.9900314668814342,0.9645399222771327,0.028300306387245656,0.9818956524133682,0.9818956524133682,0.9818955500920613,0.9839131567213271,0.9529415700170729,0.045119382854965,0.9756526218520271,0.9756526218520271,0.9756524761517843
6,0.9905997981627782,0.9672452419996261,0.026391740422695875,0.9833035429318746,0.9833035429318746,0.9833034445842107,0.9846783743964301,0.9557703998353746,0.04266513159705533,0.9771646526124742,0.9771646526124742,0.977164520157708
